Team,#Bat,BatAge,R/G,G,PA,AB,R,H,2B,3B,HR,RBI,SB,CS,BB,SO,BA,OBP,SLG,OPS,OPS+,TB,GDP,HBP,SH,SF,IBB,LOB,Year
Arizona Diamondbacks,51,28.3,4.51,162,6096,5421,731,1357,293,37,172,702,133,55,531,1249,.250,.322,.413,.736,99,2240,82,61,50,33,55,1064,2011
Atlanta Braves,45,28.9,3.96,162,6169,5528,641,1345,244,16,173,606,77,44,504,1260,.243,.308,.387,.695,90,2140,113,28,75,30,45,1109,2011
Baltimore Orioles,50,28.3,4.37,162,6156,5585,708,1434,273,13,191,684,81,25,452,1120,.257,.316,.413,.729,97,2306,154,52,24,43,24,1069,2011
Boston Red Sox,49,30.0,5.40,162,6414,5710,875,1600,352,35,203,842,102,42,578,1108,.280,.349,.461,.810,116,2631,136,50,22,50,52,1190,2011
Chicago Cubs,42,29.2,4.04,162,6130,5549,654,1423,285,36,148,610,69,23,425,1202,.256,.314,.401,.715,95,2224,123,59,60,35,35,1141,2011
Chicago White Sox,42,30.0,4.04,162,6159,5502,654,1387,252,16,154,625,81,53,475,989,.252,.319,.388,.706,89,2133,125,84,52,46,31,1126,2011
Cincinnati Reds,42,28.6,4.54,162,6329,5612,735,1438,264,19,183,697,97,50,535,1250,.256,.326,.408,.734,98,2289,98,63,78,40,52,1189,2011
Cleveland Indians,46,27.8,4.35,162,6142,5509,704,1380,290,26,154,671,89,42,494,1269,.250,.317,.396,.714,100,2184,111,65,31,43,30,1075,2011
Colorado Rockies,55,28.6,4.54,162,6275,5544,735,1429,274,40,163,697,118,42,555,1201,.258,.329,.410,.739,88,2272,112,57,75,44,54,1172,2011
Detroit Tigers,45,28.7,4.86,162,6231,5563,787,1540,297,34,169,750,49,20,521,1143,.277,.340,.434,.773,109,2412,142,39,50,58,47,1165,2011
Florida Marlins,44,27.4,3.86,162,6232,5508,625,1358,274,30,149,596,95,41,542,1244,.247,.318,.388,.706,93,2139,111,51,89,42,38,1198,2011
Houston Astros,47,28.2,3.80,162,6150,5598,615,1442,309,28,95,579,118,33,401,1164,.258,.311,.374,.684,89,2092,111,46,66,37,34,1154,2011
Kansas City Royals,42,25.8,4.51,162,6267,5672,730,1560,325,41,129,705,153,58,442,1006,.275,.329,.415,.744,104,2354,121,39,55,57,37,1156,2011
Los Angeles Angels of Anaheim,43,28.9,4.12,162,6088,5513,667,1394,289,34,155,629,135,52,442,1086,.253,.313,.402,.714,102,2216,126,51,50,32,33,1051,2011
Los Angeles Dodgers,48,29.8,4.00,161,6094,5436,644,1395,237,28,117,613,126,40,498,1087,.257,.322,.375,.697,95,2039,101,45,71,43,61,1165,2011
Milwaukee Brewers,48,28.9,4.45,162,6113,5447,721,1422,276,31,185,693,94,31,481,1083,.261,.325,.425,.750,102,2315,114,56,85,44,53,1110,2011
Minnesota Twins,45,27.5,3.82,162,6020,5487,619,1357,259,25,103,572,92,39,440,1048,.247,.306,.360,.666,84,1975,115,37,31,25,24,1080,2011
New York Mets,46,28.0,4.43,162,6335,5600,718,1477,309,39,108,676,130,35,571,1085,.264,.335,.391,.725,103,2188,112,51,65,48,56,1257,2011
New York Yankees,48,30.6,5.35,162,6306,5518,867,1452,267,33,222,836,147,46,627,1138,.263,.343,.444,.788,110,2451,146,74,36,51,34,1114,2011
Oakland Athletics,48,29.1,3.98,162,6104,5452,645,1330,280,29,114,612,117,43,509,1094,.244,.311,.369,.680,88,2010,119,50,34,57,20,1106,2011
Philadelphia Phillies,42,31.5,4.40,162,6279,5579,713,1409,258,38,153,693,96,24,539,1024,.253,.323,.395,.717,96,2202,108,56,65,38,52,1197,2011
Pittsburgh Pirates,52,27.2,3.77,162,6064,5421,610,1325,277,35,107,580,108,52,489,1308,.244,.309,.368,.676,90,1993,123,34,75,44,31,1079,2011
San Diego Padres,48,28.0,3.66,162,6074,5417,593,1284,247,42,91,563,170,44,501,1320,.237,.305,.349,.653,85,1888,105,48,55,47,42,1103,2011
Seattle Mariners,47,29.4,3.43,162,5972,5421,556,1263,253,22,109,534,125,40,435,1280,.233,.292,.348,.640,84,1887,82,37,38,41,33,1083,2011
San Francisco Giants,44,30.2,3.52,162,6091,5486,570,1327,282,24,121,534,85,51,448,1122,.242,.303,.368,.671,91,2020,117,52,62,43,47,1127,2011
St. Louis Cardinals,46,29.3,4.70,162,6242,5532,762,1513,308,22,162,726,57,39,542,978,.273,.341,.425,.766,112,2351,169,44,84,40,64,1127,2011
Tampa Bay Rays,42,28.3,4.36,162,6152,5436,707,1324,273,37,172,674,155,62,571,1193,.244,.322,.402,.724,104,2187,101,73,37,35,31,1118,2011
Texas Rangers,45,29.1,5.28,162,6261,5659,855,1599,310,32,210,807,143,45,475,930,.283,.340,.460,.800,110,2603,135,39,39,49,35,1126,2011
Toronto Blue Jays,53,28.3,4.59,162,6210,5559,743,1384,285,34,186,704,131,52,525,1184,.249,.317,.413,.730,96,2295,108,48,31,47,41,1090,2011
Washington Nationals,44,28.4,3.88,161,6090,5441,624,1319,257,22,154,594,106,38,470,1323,.242,.309,.383,.691,89,2082,103,65,82,32,40,1114,2011
League Average,43,28.7,4.28,162,6175,5524,694,1409,280,30,152,660,109,42,501,1150,.255,.321,.399,.720,97,2204,117,52,56,42,41,1128,2011
Tm,#Bat,BatAge,R/G,G,PA,AB,R,H,2B,3B,HR,RBI,SB,CS,BB,SO,BA,OBP,SLG,OPS,OPS+,TB,GDP,HBP,SH,SF,IBB,LOB,2011
,1295,28.7,4.28,4858,185245,165705,20808,42267,8399,898,4552,19804,3279,1261,15018,34488,.255,.321,.399,.720,97,66118,3523,1554,1667,1274,1231,33855,2011
Arizona Diamondbacks,48,28.3,4.53,162,6150,5462,734,1416,307,33,165,710,93,51,539,1266,.259,.328,.418,.746,99,2284,108,41,61,45,47,1122,2012
Atlanta Braves,41,28.4,4.32,162,6126,5425,700,1341,263,30,149,660,101,32,567,1289,.247,.320,.389,.709,90,2111,108,34,53,46,37,1127,2012
Baltimore Orioles,52,28.0,4.40,162,6160,5560,712,1375,270,16,214,677,58,29,480,1315,.247,.311,.417,.728,97,2319,152,50,38,30,24,1027,2012
Boston Red Sox,56,29.4,4.53,162,6166,5604,734,1459,339,16,165,695,97,31,428,1197,.260,.315,.415,.730,96,2325,105,45,34,55,27,1076,2012
Chicago Cubs,53,27.8,3.78,162,5967,5411,613,1297,265,36,137,570,94,45,447,1235,.240,.302,.378,.680,83,2045,125,43,42,24,29,1044,2012
Chicago White Sox,45,30.0,4.62,162,6111,5518,748,1409,228,29,211,726,109,43,461,1203,.255,.318,.422,.740,98,2328,112,65,31,36,24,1038,2012
Cincinnati Reds,38,28.8,4.13,162,6115,5477,669,1377,296,30,172,636,87,27,481,1266,.251,.315,.411,.726,93,2249,100,47,73,37,54,1135,2012
Cleveland Indians,48,27.8,4.12,162,6195,5525,667,1385,266,24,136,635,110,44,555,1087,.251,.324,.381,.705,99,2107,141,59,17,39,28,1162,2012
Colorado Rockies,49,28.0,4.68,162,6183,5577,758,1526,306,52,166,716,100,40,450,1213,.274,.330,.436,.766,93,2434,132,36,74,39,34,1111,2012
Detroit Tigers,47,27.9,4.48,162,6119,5476,726,1467,279,39,163,698,59,23,511,1103,.268,.335,.422,.757,103,2313,156,57,36,39,46,1121,2012
Houston Astros,50,26.6,3.60,162,6014,5407,583,1276,238,28,146,545,105,46,463,1365,.236,.302,.371,.673,82,2008,114,58,54,30,19,1090,2012
Kansas City Royals,46,26.1,4.17,162,6149,5636,676,1492,295,37,131,643,132,38,404,1032,.265,.317,.400,.716,94,2254,130,42,26,41,35,1087,2012
Los Angeles Angels of Anaheim,44,28.7,4.73,162,6121,5536,767,1518,273,22,187,732,134,33,449,1113,.274,.332,.433,.764,114,2396,138,47,47,41,29,1079,2012
Los Angeles Dodgers,50,30.4,3.93,162,6091,5438,637,1369,269,23,116,607,104,44,481,1156,.252,.317,.374,.690,91,2032,139,52,82,38,49,1112,2012
Miami Marlins,45,28.3,3.76,162,6057,5437,609,1327,261,39,137,576,149,41,484,1228,.244,.308,.382,.690,85,2077,114,35,60,40,46,1092,2012
Milwaukee Brewers,46,29.1,4.79,162,6225,5557,776,1442,300,39,202,741,158,39,466,1240,.259,.325,.437,.762,101,2426,111,90,76,35,35,1104,2012
Minnesota Twins,47,28.8,4.33,162,6209,5562,701,1448,270,30,131,666,135,37,505,1069,.260,.325,.390,.715,98,2171,149,53,33,56,28,1144,2012
New York Mets,49,27.9,4.01,162,6091,5450,650,1357,286,21,139,625,79,38,503,1250,.249,.316,.386,.701,94,2102,118,42,64,30,43,1118,2012
New York Yankees,45,32.9,4.96,162,6231,5524,804,1462,280,13,245,774,93,27,565,1176,.265,.337,.453,.790,112,2503,136,62,31,49,31,1135,2012
Oakland Athletics,50,27.7,4.40,162,6183,5527,713,1315,267,32,195,676,122,32,550,1387,.238,.310,.404,.714,99,2231,97,45,27,34,29,1095,2012
Philadelphia Phillies,49,31.1,4.22,162,6172,5544,684,1414,271,28,158,659,116,23,454,1094,.255,.317,.400,.716,92,2215,114,63,72,39,41,1135,2012
Pittsburgh Pirates,49,27.7,4.02,162,6014,5412,651,1313,241,37,170,620,73,52,444,1354,.243,.304,.395,.699,93,2138,98,51,62,45,32,1049,2012
San Diego Padres,53,27.4,4.02,162,6112,5422,651,1339,272,43,121,610,155,46,539,1238,.247,.319,.380,.699,97,2060,100,54,63,34,36,1146,2012
Seattle Mariners,38,27.1,3.82,162,6057,5494,619,1285,241,27,149,584,104,35,466,1259,.234,.296,.369,.665,88,2027,95,30,32,35,21,1052,2012
San Francisco Giants,45,27.8,4.43,162,6200,5558,718,1495,287,57,103,675,118,39,483,1097,.269,.327,.397,.724,106,2205,114,29,69,61,44,1171,2012
St. Louis Cardinals,45,29.2,4.72,162,6326,5622,765,1526,290,37,159,732,91,37,533,1192,.271,.338,.421,.759,107,2367,135,53,69,49,45,1198,2012
Tampa Bay Rays,43,29.7,4.30,162,6105,5398,697,1293,250,30,175,665,134,44,571,1323,.240,.317,.394,.711,99,2128,133,58,34,42,26,1058,2012
Texas Rangers,39,29.7,4.99,162,6216,5590,808,1526,303,32,200,780,91,44,478,1103,.273,.334,.446,.780,105,2493,121,57,36,53,44,1113,2012
Toronto Blue Jays,54,27.8,4.42,162,6094,5487,716,1346,247,22,198,677,123,41,473,1251,.245,.309,.407,.716,94,2231,109,55,33,45,29,1026,2012
Washington Nationals,43,27.2,4.51,162,6221,5615,731,1468,301,25,194,688,105,35,479,1325,.261,.322,.428,.750,101,2401,110,41,50,36,43,1127,2012
League Average,43,28.5,4.32,162,6139,5508,701,1402,275,31,164,667,108,38,490,1214,.255,.319,.405,.724,97,2233,120,50,49,41,35,1103,2012
Tm,#Bat,BatAge,R/G,G,PA,AB,R,H,2B,3B,HR,RBI,SB,CS,BB,SO,BA,OBP,SLG,OPS,OPS+,TB,GDP,HBP,SH,SF,IBB,LOB,2012
,1284,28.5,4.32,4860,184180,165251,21017,42063,8261,927,4934,19998,3229,1136,14709,36426,.255,.319,.405,.724,97,66980,3614,1494,1479,1223,1055,33094,2012
Arizona Diamondbacks,44,28.1,4.23,162,6334,5676,685,1468,302,31,130,647,62,41,519,1142,.259,.323,.391,.715,96,2222,160,43,50,43,51,1160,2013
Atlanta Braves,44,26.8,4.25,162,6133,5441,688,1354,247,21,181,656,64,31,542,1384,.249,.321,.402,.723,99,2186,119,55,58,35,36,1132,2013
Baltimore Orioles,52,27.8,4.60,162,6144,5620,745,1460,298,14,212,719,79,29,416,1125,.260,.313,.431,.744,101,2422,105,36,27,45,36,1053,2013
Boston Red Sox,48,29.6,5.27,162,6382,5651,853,1566,363,29,178,819,123,19,581,1308,.277,.349,.446,.795,116,2521,137,72,24,50,51,1212,2013
Chicago Cubs,56,27.9,3.72,162,6079,5498,602,1307,297,18,172,576,63,32,439,1230,.238,.300,.392,.693,89,2156,120,67,43,30,28,1092,2013
Chicago White Sox,47,29.2,3.69,162,6077,5563,598,1385,237,19,148,574,105,42,411,1207,.249,.302,.378,.680,84,2104,124,34,19,48,23,1068,2013
Cincinnati Reds,39,28.5,4.31,162,6293,5499,698,1370,274,20,155,664,67,35,585,1245,.249,.327,.391,.718,98,2149,129,76,85,46,65,1191,2013
Cleveland Indians,49,28.6,4.60,162,6165,5465,745,1391,290,23,171,711,117,36,562,1283,.255,.327,.410,.737,107,2240,106,51,31,56,19,1126,2013
Colorado Rockies,43,27.7,4.36,162,6152,5599,706,1511,283,36,159,673,112,32,427,1204,.270,.323,.418,.741,91,2343,111,26,65,35,26,1118,2013
Detroit Tigers,39,30.0,4.91,162,6388,5735,796,1625,292,23,176,767,35,20,531,1073,.283,.346,.434,.780,111,2491,146,43,32,47,40,1250,2013
Houston Astros,50,25.8,3.77,162,6020,5457,610,1307,266,16,148,566,110,61,426,1535,.240,.299,.375,.674,86,2049,110,52,46,38,17,1007,2013
Kansas City Royals,43,26.9,4.00,162,6093,5549,648,1443,254,34,112,620,153,32,422,1048,.260,.315,.379,.694,89,2101,131,42,37,42,38,1110,2013
Los Angeles Angels of Anaheim,49,27.8,4.52,162,6260,5588,733,1476,270,39,164,696,82,34,523,1221,.264,.329,.414,.743,110,2316,150,48,37,64,40,1144,2013
Los Angeles Dodgers,49,30.6,4.01,162,6145,5491,649,1447,281,17,138,618,78,28,476,1146,.264,.326,.396,.722,103,2176,130,57,71,48,45,1175,2013
Miami Marlins,53,27.7,3.17,162,6021,5449,513,1257,219,31,95,485,78,29,432,1232,.231,.293,.335,.627,73,1823,131,56,57,26,31,1080,2013
Milwaukee Brewers,40,27.9,3.95,162,6064,5474,640,1381,238,43,157,610,142,50,407,1183,.252,.311,.398,.708,93,2176,116,71,77,35,22,1071,2013
Minnesota Twins,44,28.2,3.79,162,6212,5564,614,1346,285,15,151,590,52,33,533,1430,.242,.312,.380,.692,90,2114,103,52,29,32,20,1206,2013
New York Mets,53,28.3,3.82,162,6207,5559,619,1318,263,32,130,593,114,35,512,1384,.237,.306,.366,.672,91,2035,106,51,53,32,40,1137,2013
New York Yankees,56,31.9,4.01,162,6045,5449,650,1321,247,24,144,614,115,31,466,1214,.242,.307,.376,.683,88,2048,121,57,36,36,33,1064,2013
Oakland Athletics,44,28.3,4.73,162,6209,5521,767,1403,301,25,186,725,74,28,573,1178,.254,.327,.419,.745,107,2312,108,45,21,49,29,1126,2013
Philadelphia Phillies,51,30.0,3.77,162,6014,5456,610,1355,255,32,140,578,73,29,417,1205,.248,.306,.384,.690,91,2094,131,53,57,31,41,1061,2013
Pittsburgh Pirates,49,27.9,3.91,162,6135,5486,634,1346,273,35,161,603,94,42,469,1330,.245,.313,.396,.709,100,2172,120,88,62,29,41,1126,2013
San Diego Padres,47,28.1,3.81,162,6122,5517,618,1349,246,26,146,578,118,34,467,1309,.245,.308,.378,.686,97,2085,99,52,52,34,36,1126,2013
Seattle Mariners,47,28.7,3.85,162,6172,5558,624,1318,249,17,188,597,49,23,529,1353,.237,.306,.390,.695,98,2165,122,31,26,28,21,1131,2013
San Francisco Giants,44,28.7,3.88,162,6168,5552,629,1446,280,35,107,596,67,26,469,1078,.260,.320,.381,.702,100,2117,131,39,66,42,40,1187,2013
St. Louis Cardinals,44,28.7,4.83,162,6202,5557,783,1494,322,20,125,745,45,22,481,1110,.269,.332,.401,.733,102,2231,154,64,56,44,38,1087,2013
Tampa Bay Rays,42,29.5,4.29,163,6242,5538,700,1421,296,23,165,670,73,38,589,1171,.257,.329,.408,.737,106,2258,140,36,24,55,31,1172,2013
Texas Rangers,46,29.6,4.48,163,6196,5585,730,1465,262,23,176,691,149,46,462,1067,.262,.323,.412,.735,100,2301,124,61,45,42,26,1110,2013
Toronto Blue Jays,53,28.9,4.40,162,6152,5537,712,1398,273,24,185,669,112,41,510,1123,.252,.318,.411,.729,99,2274,133,38,29,38,19,1065,2013
Washington Nationals,44,27.7,4.05,162,6047,5436,656,1365,259,27,161,621,88,28,464,1192,.251,.313,.398,.710,94,2161,115,40,68,39,35,1071,2013
League Average,43,28.5,4.17,162,6162,5536,675,1403,274,26,155,642,90,34,488,1224,.253,.318,.396,.714,97,2195,124,51,46,41,34,1122,2013
Tm,#Bat,BatAge,R/G,G,PA,AB,R,H,2B,3B,HR,RBI,SB,CS,BB,SO,BA,OBP,SLG,OPS,OPS+,TB,GDP,HBP,SH,SF,IBB,LOB,2013
,1304,28.5,4.17,4862,184873,166070,20255,42093,8222,772,4661,19271,2693,1007,14640,36710,.253,.318,.396,.714,97,65842,3732,1536,1383,1219,1018,33658,2013
Arizona Diamondbacks,52,27.6,3.80,162,6089,5552,615,1379,259,47,118,573,86,33,398,1165,.248,.302,.376,.678,88,2086,115,43,56,36,31,1092,2014
Atlanta Braves,39,26.8,3.54,162,6064,5468,573,1316,240,22,123,545,95,33,472,1369,.241,.305,.360,.665,88,1969,121,43,53,27,31,1128,2014
Baltimore Orioles,44,28.3,4.35,162,6130,5596,705,1434,264,16,211,681,44,20,401,1285,.256,.311,.422,.734,104,2363,112,62,35,36,29,1088,2014
Boston Red Sox,55,29.1,3.91,162,6226,5551,634,1355,282,20,123,601,63,25,535,1337,.244,.316,.369,.684,91,2046,138,68,20,52,36,1168,2014
Chicago Cubs,48,26.8,3.79,162,6102,5508,614,1315,270,31,157,590,65,40,442,1477,.239,.300,.385,.684,89,2118,94,54,57,41,29,1069,2014
Chicago White Sox,44,27.7,4.07,162,6077,5543,660,1400,279,32,155,625,85,36,417,1362,.253,.310,.398,.708,102,2208,127,60,19,38,33,1071,2014
Cincinnati Reds,45,29.0,3.67,162,5978,5395,595,1282,254,20,131,562,122,52,415,1252,.238,.296,.365,.661,85,1969,88,52,76,37,22,1037,2014
Cleveland Indians,46,28.6,4.13,162,6222,5575,669,1411,284,23,142,644,104,27,504,1189,.253,.317,.389,.706,97,2167,126,42,51,49,24,1154,2014
Colorado Rockies,49,27.3,4.66,162,6164,5612,755,1551,307,41,186,721,85,48,397,1281,.276,.327,.445,.772,102,2498,121,48,59,48,39,1072,2014
Detroit Tigers,48,29.8,4.67,162,6202,5630,757,1557,325,26,155,731,106,41,443,1144,.277,.331,.426,.757,113,2399,137,44,24,61,51,1111,2014
Houston Astros,48,25.4,3.88,162,6055,5447,629,1317,240,19,163,596,122,37,495,1442,.242,.309,.383,.692,96,2084,122,55,22,36,27,1086,2014
Kansas City Royals,48,28.2,4.02,162,6058,5545,651,1456,286,29,95,604,153,36,380,985,.263,.314,.376,.690,92,2085,131,53,33,47,22,1080,2014
Los Angeles Angels of Anaheim,54,29.3,4.77,162,6285,5652,773,1464,304,31,155,729,81,39,492,1266,.259,.322,.406,.728,110,2295,112,60,26,54,42,1113,2014
Los Angeles Dodgers,49,29.4,4.43,162,6231,5560,718,1476,302,38,134,686,138,50,519,1246,.265,.333,.406,.738,110,2256,119,61,47,43,30,1159,2014
Miami Marlins,45,27.4,3.98,162,6185,5538,645,1399,254,36,122,614,58,21,501,1419,.253,.317,.378,.694,94,2091,143,35,71,39,49,1145,2014
Milwaukee Brewers,40,28.8,4.01,162,6065,5462,650,1366,297,28,150,617,102,43,423,1197,.250,.311,.397,.708,95,2169,135,73,70,37,32,1049,2014
Minnesota Twins,48,27.5,4.41,162,6233,5567,715,1412,316,27,128,675,99,36,544,1329,.254,.324,.389,.713,100,2166,97,53,25,44,29,1176,2014
New York Mets,45,28.4,3.88,162,6145,5472,629,1306,275,19,125,602,101,34,516,1264,.239,.308,.364,.673,93,1994,112,54,59,44,42,1123,2014
New York Yankees,58,32.8,3.91,162,6082,5497,633,1349,247,26,147,591,112,26,452,1133,.245,.307,.380,.687,94,2089,111,56,29,47,16,1098,2014
Oakland Athletics,45,29.6,4.50,162,6245,5545,729,1354,253,33,146,686,83,20,586,1104,.244,.320,.381,.700,100,2111,118,49,19,43,34,1147,2014
Philadelphia Phillies,49,30.7,3.82,162,6198,5603,619,1356,251,27,125,584,109,26,443,1306,.242,.302,.363,.665,85,2036,94,55,59,37,42,1147,2014
Pittsburgh Pirates,45,27.3,4.21,162,6224,5536,682,1436,275,30,156,659,104,47,520,1244,.259,.330,.404,.734,106,2239,127,78,54,35,46,1192,2014
San Diego Padres,51,27.9,3.30,162,5905,5294,535,1199,224,30,109,500,91,34,468,1294,.226,.292,.342,.634,84,1810,118,41,56,45,27,1033,2014
Seattle Mariners,44,27.5,3.91,162,5977,5450,634,1328,247,32,136,600,96,42,396,1232,.244,.300,.376,.676,95,2047,112,60,35,34,33,1008,2014
San Francisco Giants,46,28.6,4.10,162,6087,5523,665,1407,257,42,132,636,56,27,427,1245,.255,.311,.388,.699,100,2144,113,43,45,49,37,1095,2014
St. Louis Cardinals,46,28.5,3.82,162,6086,5426,619,1371,275,21,105,585,57,32,471,1133,.253,.320,.369,.689,93,2003,140,86,64,39,28,1145,2014
Tampa Bay Rays,43,29.3,3.78,162,6205,5516,612,1361,263,24,117,586,63,27,527,1124,.247,.317,.367,.684,96,2023,135,66,43,53,31,1193,2014
Texas Rangers,64,28.4,3.93,162,6026,5460,637,1400,260,28,111,597,105,59,417,1162,.256,.314,.375,.689,92,2049,148,61,41,45,37,1066,2014
Toronto Blue Jays,55,29.2,4.46,162,6167,5549,723,1435,282,24,177,690,78,21,502,1151,.259,.323,.414,.736,108,2296,128,41,35,40,27,1122,2014
Washington Nationals,40,28.7,4.23,162,6216,5542,686,1403,265,27,152,635,101,23,517,1304,.253,.321,.393,.714,96,2178,115,56,60,41,29,1160,2014
League Average,44,28.5,4.07,162,6131,5520,659,1386,271,28,140,625,92,34,467,1248,.251,.314,.386,.700,97,2133,120,55,45,43,33,1111,2014
Tm,#Bat,BatAge,R/G,G,PA,AB,R,H,2B,3B,HR,RBI,SB,CS,BB,SO,BA,OBP,SLG,OPS,OPS+,TB,GDP,HBP,SH,SF,IBB,LOB,2014
,1320,28.5,4.07,4860,183929,165614,19761,41595,8137,849,4186,18745,2764,1035,14020,37441,.251,.314,.386,.700,97,63988,3609,1652,1343,1277,985,33327,2014
Arizona Diamondbacks,50,26.5,4.44,162,6276,5649,720,1494,289,48,154,680,132,44,490,1312,.264,.324,.414,.738,97,2341,134,33,46,57,40,1153,2015
Atlanta Braves,60,28.8,3.54,162,6034,5420,573,1361,251,18,100,548,69,33,471,1107,.251,.314,.359,.674,87,1948,148,44,67,31,39,1145,2015
Baltimore Orioles,48,27.9,4.40,162,6007,5485,713,1370,246,20,217,686,44,25,418,1331,.250,.307,.421,.728,97,2307,127,51,20,32,23,990,2015
Boston Red Sox,51,28.2,4.62,162,6237,5640,748,1495,294,33,161,706,71,27,478,1148,.265,.325,.415,.740,97,2338,127,46,30,42,28,1142,2015
Chicago Cubs,50,26.9,4.25,162,6200,5491,689,1341,272,30,171,657,95,37,567,1518,.244,.321,.398,.719,98,2186,101,74,32,35,47,1165,2015
Chicago White Sox,40,28.2,3.84,162,6070,5533,622,1381,260,27,136,595,68,42,404,1231,.250,.306,.380,.686,92,2103,125,65,30,37,22,1065,2015
Cincinnati Reds,50,29.5,3.95,162,6196,5571,640,1382,257,27,167,613,134,38,496,1255,.248,.312,.394,.706,92,2194,112,42,47,40,38,1148,2015
Cleveland Indians,49,28.0,4.16,161,6109,5439,669,1395,303,29,141,640,86,28,533,1157,.256,.325,.401,.725,93,2179,134,39,47,50,34,1147,2015
Colorado Rockies,51,28.0,4.55,162,6071,5572,737,1479,274,49,186,702,97,43,388,1283,.265,.315,.432,.748,89,2409,114,33,44,34,47,1016,2015
Detroit Tigers,47,28.3,4.28,161,6159,5605,689,1515,289,49,151,660,83,51,455,1259,.270,.328,.420,.748,105,2355,152,41,23,35,36,1111,2015
Houston Astros,46,26.3,4.50,162,6073,5459,729,1363,278,26,230,691,121,48,486,1392,.250,.315,.437,.752,107,2383,102,56,28,43,22,1036,2015
Kansas City Royals,45,29.1,4.47,162,6116,5575,724,1497,300,42,139,689,104,34,383,973,.269,.322,.412,.734,98,2298,133,77,34,47,28,1079,2015
Los Angeles Angels of Anaheim,51,28.7,4.08,162,5990,5417,661,1331,243,21,176,621,52,34,435,1150,.246,.307,.396,.702,97,2144,116,58,37,40,34,1013,2015
Los Angeles Dodgers,55,29.6,4.12,162,6090,5385,667,1346,263,26,187,638,59,34,563,1258,.250,.326,.413,.739,106,2222,135,60,49,30,31,1121,2015
Miami Marlins,51,27.9,3.78,162,5988,5463,613,1420,236,40,120,575,112,45,375,1150,.260,.310,.384,.694,93,2096,133,39,71,40,30,1059,2015
Milwaukee Brewers,49,28.1,4.04,162,6024,5480,655,1378,274,34,145,624,84,29,412,1299,.251,.307,.393,.700,91,2155,130,41,55,34,35,1026,2015
Minnesota Twins,44,28.2,4.30,162,6017,5467,696,1349,277,44,156,661,70,38,439,1264,.247,.305,.399,.704,92,2182,133,40,30,41,31,993,2015
New York Mets,49,28.6,4.22,162,6145,5527,683,1351,295,17,177,654,51,25,488,1290,.244,.312,.400,.712,96,2211,130,68,29,32,42,1098,2015
New York Yankees,56,31.4,4.72,162,6268,5567,764,1397,272,19,212,737,63,25,554,1227,.251,.323,.421,.744,102,2343,105,63,24,54,23,1151,2015
Oakland Athletics,52,27.9,4.28,162,6171,5600,694,1405,277,46,146,661,78,29,475,1119,.251,.312,.395,.707,96,2212,124,40,14,38,21,1102,2015
Philadelphia Phillies,50,28.0,3.86,162,6053,5529,626,1374,272,37,130,586,88,32,387,1274,.249,.303,.382,.684,89,2110,119,54,53,29,20,1066,2015
Pittsburgh Pirates,46,28.2,4.30,162,6285,5631,697,1462,292,27,140,661,98,45,461,1322,.260,.323,.396,.719,97,2228,115,89,63,41,46,1166,2015
San Diego Padres,46,27.7,4.01,162,6019,5457,650,1324,260,36,148,623,82,29,426,1327,.243,.300,.385,.685,91,2100,108,40,52,42,22,1028,2015
Seattle Mariners,51,28.6,4.05,162,6131,5544,656,1379,262,22,198,624,69,45,478,1336,.249,.311,.411,.722,101,2279,123,36,38,35,31,1080,2015
San Francisco Giants,48,28.9,4.30,162,6153,5565,696,1486,288,39,136,663,93,36,457,1159,.267,.326,.406,.732,101,2260,142,49,45,37,30,1130,2015
St. Louis Cardinals,46,28.4,3.99,162,6139,5484,647,1386,288,39,137,619,69,38,506,1267,.253,.321,.394,.716,95,2163,128,66,39,42,47,1152,2015
Tampa Bay Rays,51,28.5,3.98,162,6071,5485,644,1383,278,32,167,612,87,45,436,1310,.252,.314,.406,.720,100,2226,121,84,19,47,22,1075,2015
Texas Rangers,57,28.7,4.64,162,6187,5511,751,1419,279,32,172,707,101,39,503,1233,.257,.325,.413,.739,98,2278,99,76,43,54,32,1130,2015
Toronto Blue Jays,52,29.5,5.50,162,6232,5509,891,1480,308,17,232,852,88,23,570,1151,.269,.340,.457,.797,115,2518,140,54,36,62,12,1057,2015
Washington Nationals,44,28.4,4.34,162,6117,5428,703,1363,265,13,177,665,57,23,539,1344,.251,.321,.403,.724,96,2185,129,44,55,51,38,1114,2015
League Average,45,28.4,4.25,162,6121,5516,688,1404,275,31,164,655,84,35,469,1248,.254,.317,.405,.721,97,2232,125,53,40,41,32,1092,2015
Tm,#Bat,BatAge,R/G,G,PA,AB,R,H,2B,3B,HR,RBI,SB,CS,BB,SO,BA,OBP,SLG,OPS,OPS+,TB,GDP,HBP,SH,SF,IBB,LOB,2015
,1348,28.4,4.25,4858,183628,165488,20647,42106,8242,939,4909,19650,2505,1064,14073,37446,.254,.317,.405,.721,97,66953,3739,1602,1200,1232,951,32758,2015
Arizona Diamondbacks,50,26.7,4.64,162,6260,5665,752,1479,285,56,190,709,137,31,463,1427,.261,.320,.432,.752,93,2446,117,50,43,38,43,1113,2016
Atlanta Braves,60,28.9,4.03,161,6192,5514,649,1404,295,27,122,615,75,34,502,1240,.255,.321,.384,.705,89,2119,145,59,64,52,60,1160,2016
Baltimore Orioles,47,28.5,4.59,162,6089,5524,744,1413,265,6,253,710,19,13,468,1324,.256,.317,.443,.760,101,2449,119,44,17,36,19,1065,2016
Boston Red Sox,50,28.5,5.42,162,6320,5670,878,1598,343,25,208,836,83,24,558,1160,.282,.348,.461,.810,112,2615,137,43,8,40,34,1162,2016
Chicago Cubs,45,27.4,4.99,162,6335,5503,808,1409,293,30,199,767,66,34,656,1339,.256,.343,.429,.772,104,2359,107,96,42,37,45,1217,2016
Chicago White Sox,50,28.3,4.23,162,6131,5550,686,1428,277,33,168,656,77,36,455,1285,.257,.317,.410,.727,99,2275,122,53,29,44,16,1105,2016
Cincinnati Reds,52,27.8,4.42,162,6094,5487,716,1403,277,33,164,678,139,51,452,1284,.256,.316,.408,.724,91,2238,129,52,58,44,37,1014,2016
Cleveland Indians,48,29.0,4.83,161,6155,5484,777,1435,308,29,185,733,134,31,531,1246,.262,.329,.430,.759,96,2356,137,49,31,60,16,1084,2016
Colorado Rockies,47,27.8,5.22,162,6236,5614,845,1544,318,47,204,805,66,39,494,1330,.275,.336,.457,.794,97,2568,113,40,54,34,35,1089,2016
Detroit Tigers,44,29.9,4.66,161,6127,5526,750,1476,252,30,211,719,58,29,493,1303,.267,.331,.438,.769,106,2421,135,53,17,38,32,1105,2016
Houston Astros,43,26.4,4.47,162,6204,5545,724,1367,291,29,198,689,102,44,554,1452,.247,.319,.417,.735,103,2310,134,47,27,31,31,1086,2016
Kansas City Royals,42,28.5,4.17,162,6052,5552,675,1450,264,33,147,640,121,35,382,1224,.261,.312,.400,.712,90,2221,134,45,38,34,23,1049,2016
Los Angeles Angels,53,28.5,4.43,162,6041,5431,717,1410,279,20,156,686,73,34,471,991,.260,.322,.405,.726,100,2197,147,51,36,49,21,1037,2016
Los Angeles Dodgers,55,28.9,4.48,162,6164,5518,725,1376,272,21,189,680,45,26,525,1321,.249,.319,.409,.728,95,2257,120,58,30,32,31,1106,2016
Miami Marlins,53,28.3,4.07,161,6134,5547,655,1460,259,42,128,626,71,28,447,1213,.263,.322,.394,.716,96,2187,140,54,46,38,40,1171,2016
Milwaukee Brewers,50,27.5,4.14,162,6061,5330,671,1299,249,19,194,641,181,56,599,1543,.244,.322,.407,.729,92,2168,131,37,53,39,34,1071,2016
Minnesota Twins,49,26.9,4.46,162,6245,5618,722,1409,288,35,200,690,91,32,513,1426,.251,.316,.421,.738,98,2367,96,44,27,43,24,1124,2016
New York Mets,46,29.5,4.14,162,6115,5459,671,1342,240,19,218,649,42,18,517,1302,.246,.316,.417,.733,97,2274,123,62,35,41,43,1120,2016
New York Yankees,53,30.1,4.20,162,6059,5458,680,1378,245,20,183,647,72,22,475,1188,.252,.315,.405,.720,91,2212,121,42,21,49,19,1098,2016
Oakland Athletics,51,28.7,4.03,162,6022,5500,653,1352,270,21,169,634,50,23,442,1145,.246,.304,.395,.699,91,2171,142,33,13,34,19,1036,2016
Philadelphia Phillies,49,26.9,3.77,162,5992,5434,610,1305,231,35,161,574,96,45,424,1376,.240,.301,.384,.685,82,2089,112,58,46,30,33,1043,2016
Pittsburgh Pirates,55,28.9,4.50,162,6261,5542,729,1426,277,32,153,696,110,45,561,1334,.257,.332,.402,.734,96,2226,133,81,41,36,39,1173,2016
San Diego Padres,58,28.1,4.23,162,6001,5419,686,1275,257,26,177,654,125,45,449,1500,.235,.299,.390,.689,86,2115,93,58,36,36,30,965,2016
Seattle Mariners,54,30.5,4.74,162,6227,5583,768,1446,251,17,223,735,56,28,506,1288,.259,.326,.430,.756,106,2400,138,72,24,41,29,1099,2016
San Francisco Giants,45,29.2,4.41,162,6271,5565,715,1437,280,54,130,675,79,36,572,1107,.258,.329,.398,.728,97,2215,120,42,42,46,43,1188,2016
St. Louis Cardinals,41,28.5,4.81,162,6223,5548,779,1415,299,32,225,745,35,26,526,1318,.255,.325,.442,.767,104,2453,117,70,37,41,28,1113,2016
Tampa Bay Rays,48,27.7,4.15,162,6046,5481,672,1333,288,32,216,647,60,37,449,1482,.243,.307,.426,.733,100,2333,88,69,18,28,20,1060,2016
Texas Rangers,52,28.4,4.72,162,6089,5525,765,1446,257,23,215,746,99,36,436,1220,.262,.322,.433,.755,96,2394,114,70,18,40,23,1038,2016
Toronto Blue Jays,49,30.0,4.69,162,6233,5479,759,1358,276,18,221,728,54,24,632,1362,.248,.330,.426,.755,101,2333,153,55,26,40,16,1120,2016
Washington Nationals,43,28.8,4.71,162,6201,5490,763,1403,268,29,203,735,121,39,536,1252,.256,.326,.426,.751,96,2338,102,64,48,63,49,1105,2016
League Average,45,28.4,4.48,162,6153,5519,725,1409,275,29,187,692,85,33,503,1299,.255,.322,.417,.739,97,2304,124,55,34,40,31,1097,2016
Tm,#Bat,BatAge,R/G,G,PA,AB,R,H,2B,3B,HR,RBI,SB,CS,BB,SO,BA,OBP,SLG,OPS,OPS+,TB,GDP,HBP,SH,SF,IBB,LOB,2016
,1353,28.4,4.48,4856,184580,165561,21744,42276,8254,873,5610,20745,2537,1001,15088,38982,.255,.322,.417,.739,97,69106,3719,1651,1025,1214,932,32916,2016
Arizona Diamondbacks,45,28.3,5.01,162,6224,5525,812,1405,314,39,220,776,103,30,578,1456,.254,.329,.445,.774,94,2457,106,54,39,27,44,1118,2017
Atlanta Braves,49,28.7,4.52,162,6216,5584,732,1467,289,26,165,706,77,31,474,1184,.263,.326,.412,.738,92,2303,137,66,59,32,57,1127,2017
Baltimore Orioles,50,28.6,4.59,162,6140,5650,743,1469,269,12,232,713,32,13,392,1412,.260,.312,.435,.747,100,2458,138,50,10,37,12,1041,2017
Boston Red Sox,49,27.3,4.85,162,6338,5669,785,1461,302,19,168,735,106,31,571,1224,.258,.329,.407,.736,92,2305,141,53,9,36,48,1134,2017
Chicago Cubs,47,27.1,5.07,162,6283,5496,822,1402,274,29,223,785,62,31,622,1401,.255,.338,.437,.775,99,2403,134,82,48,32,54,1147,2017
Chicago White Sox,51,26.7,4.36,162,6059,5513,706,1412,256,37,186,670,71,31,401,1397,.256,.314,.417,.731,96,2300,124,76,35,33,17,1055,2017
Cincinnati Reds,47,27.1,4.65,162,6213,5484,753,1390,249,38,219,715,120,39,565,1329,.253,.329,.433,.761,97,2372,116,72,50,42,41,1135,2017
Cleveland Indians,41,28.0,5.05,162,6234,5511,818,1449,333,29,212,780,88,23,604,1153,.263,.339,.449,.788,104,2476,125,50,23,45,30,1158,2017
Colorado Rockies,41,28.3,5.09,162,6201,5534,824,1510,293,38,192,793,59,34,519,1408,.273,.338,.444,.781,90,2455,143,44,62,41,46,1088,2017
Detroit Tigers,49,29.6,4.54,162,6150,5556,735,1435,289,35,187,699,65,34,503,1313,.258,.324,.424,.748,98,2355,128,52,11,27,21,1104,2017
Houston Astros,46,28.8,5.53,162,6271,5611,896,1581,346,20,238,854,98,42,509,1087,.282,.346,.478,.823,123,2681,139,70,11,61,27,1094,2017
Kansas City Royals,49,28.9,4.33,162,6027,5536,702,1436,260,24,193,660,91,31,390,1166,.259,.311,.420,.731,93,2323,160,45,17,37,19,1005,2017
Los Angeles Angels,55,30.0,4.38,162,6073,5415,710,1314,251,14,186,678,136,44,523,1198,.243,.315,.397,.712,92,2151,141,70,17,46,30,1033,2017
Los Angeles Dodgers,52,27.9,4.75,162,6191,5408,770,1347,312,20,221,730,77,28,649,1380,.249,.334,.437,.771,104,2362,119,64,31,38,41,1146,2017
Miami Marlins,43,28.4,4.80,162,6248,5602,778,1497,271,31,194,743,91,30,486,1282,.267,.331,.431,.761,107,2412,119,67,50,41,48,1130,2017
Milwaukee Brewers,50,27.4,4.52,162,6135,5467,732,1363,267,22,224,695,128,41,547,1571,.249,.322,.429,.751,94,2346,116,53,42,26,34,1088,2017
Minnesota Twins,52,27.0,5.03,162,6261,5557,815,1444,286,31,206,781,95,28,593,1342,.260,.334,.434,.768,104,2410,105,46,26,39,26,1147,2017
New York Mets,52,28.8,4.54,162,6169,5510,735,1379,286,28,224,713,58,23,529,1291,.250,.320,.434,.755,101,2393,118,57,36,37,31,1099,2017
New York Yankees,51,28.6,5.30,162,6354,5594,858,1463,266,23,241,821,90,22,616,1386,.262,.339,.447,.785,105,2498,119,64,18,56,22,1184,2017
Oakland Athletics,54,28.7,4.56,162,6126,5464,739,1344,305,15,234,708,57,22,565,1491,.246,.319,.436,.755,104,2381,129,43,13,40,15,1075,2017
Philadelphia Phillies,51,26.6,4.26,162,6133,5535,690,1382,287,36,174,654,59,25,494,1417,.250,.315,.409,.723,89,2263,128,47,21,36,25,1079,2017
Pittsburgh Pirates,47,28.2,4.12,162,6136,5458,668,1331,249,36,151,635,67,36,519,1213,.244,.318,.386,.704,86,2105,120,88,42,28,39,1129,2017
San Diego Padres,52,26.2,3.73,162,5954,5356,604,1251,227,31,189,576,89,33,460,1499,.234,.299,.393,.692,83,2107,99,53,52,33,20,1037,2017
Seattle Mariners,61,29.5,4.63,162,6166,5551,750,1436,281,17,200,714,89,35,487,1267,.259,.325,.424,.749,103,2351,131,78,14,35,31,1084,2017
San Francisco Giants,49,29.5,3.94,162,6137,5551,639,1382,290,28,128,612,76,34,467,1204,.249,.309,.380,.689,81,2112,136,36,31,52,37,1093,2017
St. Louis Cardinals,48,28.0,4.70,162,6219,5470,761,1402,284,28,196,728,81,31,593,1348,.256,.334,.426,.760,99,2330,139,65,47,44,36,1118,2017
Tampa Bay Rays,53,28.3,4.28,162,6147,5478,694,1340,226,32,228,671,88,34,545,1538,.245,.317,.422,.739,99,2314,115,55,16,48,33,1114,2017
Texas Rangers,51,28.3,4.93,162,6122,5430,799,1326,255,21,237,756,113,44,544,1493,.244,.320,.430,.750,91,2334,110,81,27,39,18,1015,2017
Toronto Blue Jays,60,30.9,4.28,162,6154,5499,693,1320,269,5,222,661,53,24,542,1327,.240,.312,.412,.724,91,2265,153,51,25,35,12,1064,2017
Washington Nationals,49,29.2,5.06,162,6214,5553,819,1477,311,31,215,796,108,30,542,1327,.266,.332,.449,.782,99,2495,116,31,43,45,56,1101,2017
League Average,45,28.3,4.65,162,6176,5519,753,1407,280,26,204,719,84,31,528,1337,.255,.324,.426,.750,97,2351,127,59,31,39,32,1098,2017
Tm,#Bat,BatAge,R/G,G,PA,AB,R,H,2B,3B,HR,RBI,SB,CS,BB,SO,BA,OBP,SLG,OPS,OPS+,TB,GDP,HBP,SH,SF,IBB,LOB,2017
,1358,28.3,4.65,4860,185295,165567,22582,42215,8397,795,6105,21558,2527,934,15829,40104,.255,.324,.426,.750,97,70517,3804,1763,925,1168,970,32942,2017
Arizona Diamondbacks,49,29.2,4.28,162,6157,5460,693,1283,259,50,176,658,79,25,560,1460,.235,.310,.397,.707,86,2170,110,52,38,45,36,1086,2018
Atlanta Braves,58,27.3,4.69,162,6251,5582,759,1433,314,29,175,717,90,36,511,1290,.257,.324,.417,.742,98,2330,99,66,49,43,53,1143,2018
Baltimore Orioles,56,28.4,3.84,162,6034,5507,622,1317,242,15,188,593,81,22,422,1412,.239,.298,.391,.689,89,2153,132,57,13,35,19,1027,2018
Boston Red Sox,44,27.7,5.41,162,6302,5623,876,1509,355,31,208,829,125,31,569,1253,.268,.339,.453,.792,112,2550,130,55,7,48,38,1124,2018
Chicago Cubs,50,27.2,4.67,163,6369,5624,761,1453,286,34,167,722,66,38,576,1388,.258,.333,.410,.744,97,2308,107,78,40,46,67,1224,2018
Chicago White Sox,51,26.5,4.05,162,6071,5523,656,1332,259,40,182,639,98,41,425,1594,.241,.302,.401,.703,93,2217,99,66,24,32,18,1050,2018
Cincinnati Reds,53,27.2,4.30,162,6240,5532,696,1404,251,25,172,665,77,33,559,1376,.254,.328,.401,.729,95,2221,128,65,49,35,35,1179,2018
Cleveland Indians,49,29.4,5.05,162,6300,5595,818,1447,297,19,216,786,135,36,554,1189,.259,.332,.434,.766,106,2430,98,80,25,44,32,1147,2018
Colorado Rockies,41,28.7,4.79,163,6178,5541,780,1418,280,42,210,748,95,33,507,1397,.256,.322,.435,.757,90,2412,114,51,42,37,38,1067,2018
Detroit Tigers,49,27.9,3.89,162,6029,5494,630,1326,284,35,135,597,70,30,428,1341,.241,.300,.380,.680,83,2085,110,52,15,40,18,1071,2018
Houston Astros,41,28.2,4.92,162,6146,5453,797,1390,278,18,205,763,71,26,565,1197,.255,.329,.425,.754,106,2319,156,61,14,45,19,1052,2018
Kansas City Royals,49,28.6,3.94,162,6063,5505,638,1350,283,29,155,606,117,38,427,1310,.245,.305,.392,.697,90,2156,123,67,24,40,13,1063,2018
Los Angeles Angels,60,29.6,4.45,162,6108,5472,721,1323,249,23,214,690,89,22,514,1300,.242,.313,.413,.726,99,2260,111,73,7,39,38,1071,2018
Los Angeles Dodgers,52,28.1,4.93,163,6358,5572,804,1394,296,33,235,756,75,24,647,1436,.250,.333,.442,.774,109,2461,119,61,39,39,47,1163,2018
Miami Marlins,51,27.5,3.66,161,6083,5488,589,1303,222,24,128,554,45,31,455,1384,.237,.303,.357,.659,83,1957,119,73,32,31,26,1123,2018
Milwaukee Brewers,53,28.8,4.63,163,6210,5542,754,1398,252,24,218,711,124,32,537,1458,.252,.323,.424,.747,99,2352,128,58,29,41,32,1106,2018
Minnesota Twins,54,28.2,4.56,162,6154,5526,738,1379,317,22,166,704,47,27,534,1328,.250,.318,.405,.723,96,2238,89,37,19,38,25,1087,2018
New York Mets,56,28.3,4.17,162,6177,5468,676,1282,265,34,170,649,71,39,566,1404,.234,.312,.389,.701,96,2125,116,73,28,42,36,1104,2018
New York Yankees,49,27.2,5.25,162,6271,5515,851,1374,269,23,267,821,63,21,625,1421,.249,.329,.451,.781,112,2490,107,62,10,59,21,1100,2018
Oakland Athletics,53,28.0,5.02,162,6255,5579,813,1407,322,20,227,778,35,21,550,1381,.252,.325,.439,.764,110,2450,136,76,6,44,18,1085,2018
Philadelphia Phillies,48,26.7,4.18,162,6136,5424,677,1270,241,30,186,653,69,26,582,1520,.234,.314,.393,.707,89,2129,102,64,32,32,33,1120,2018
Pittsburgh Pirates,48,27.8,4.30,161,6066,5447,692,1381,290,38,157,665,70,38,474,1229,.254,.317,.407,.725,98,2218,121,59,31,52,38,1071,2018
San Diego Padres,49,26.8,3.81,162,6059,5486,617,1289,250,30,162,583,95,36,471,1523,.235,.297,.380,.677,88,2085,122,31,35,36,28,1028,2018
Seattle Mariners,53,29.8,4.18,162,6087,5513,677,1402,256,32,176,644,79,37,430,1221,.254,.314,.408,.722,102,2250,128,70,29,41,17,1084,2018
San Francisco Giants,48,29.8,3.72,162,6113,5541,603,1324,255,30,133,573,77,34,448,1467,.239,.300,.368,.667,85,2038,113,49,33,42,40,1101,2018
St. Louis Cardinals,49,28.0,4.69,162,6200,5498,759,1369,248,9,205,725,63,32,525,1380,.249,.321,.409,.730,99,2250,92,80,46,48,40,1101,2018
Tampa Bay Rays,54,27.1,4.42,162,6195,5475,716,1415,274,43,150,664,128,51,540,1388,.258,.333,.406,.740,105,2225,122,101,28,50,17,1156,2018
Texas Rangers,50,27.4,4.55,162,6163,5453,737,1308,266,24,194,696,74,35,555,1484,.240,.318,.404,.722,89,2204,104,88,33,34,16,1093,2018
Toronto Blue Jays,63,28.9,4.38,162,6076,5477,709,1336,320,16,217,680,47,30,499,1387,.244,.312,.427,.739,102,2339,118,58,5,37,15,1036,2018
Washington Nationals,53,27.6,4.76,162,6288,5517,771,1402,284,25,191,737,119,33,631,1289,.254,.335,.419,.753,98,2309,104,59,41,40,56,1180,2018
League Average,46,28.1,4.45,162,6171,5514,721,1367,275,28,186,687,82,32,523,1374,.248,.318,.409,.728,97,2258,115,64,27,41,31,1101,2018
Tm,#Bat,BatAge,R/G,G,PA,AB,R,H,2B,3B,HR,RBI,SB,CS,BB,SO,BA,OBP,SLG,OPS,OPS+,TB,GDP,HBP,SH,SF,IBB,LOB,2018
,1379,28.1,4.45,4862,185139,165432,21630,41018,8264,847,5585,20606,2474,958,15686,41207,.248,.318,.409,.728,97,67731,3457,1922,823,1235,929,33042,2018
Arizona Diamondbacks,45,28.7,5.02,162,6315,5633,813,1419,288,40,220,778,88,14,540,1360,.252,.323,.434,.757,94,2447,120,70,31,40,36,1119,2019
Atlanta Braves,50,28.0,5.28,162,6302,5560,855,1432,277,29,249,824,89,28,619,1467,.258,.336,.452,.789,98,2514,104,60,25,35,39,1138,2019
Baltimore Orioles,58,26.5,4.50,162,6189,5596,729,1379,252,25,213,698,84,30,462,1435,.246,.310,.415,.725,90,2320,111,71,22,37,8,1063,2019
Boston Red Sox,47,27.3,5.56,162,6475,5770,901,1554,345,27,245,857,68,30,590,1382,.269,.340,.466,.806,106,2688,127,49,20,44,36,1170,2019
Chicago Cubs,52,27.7,5.02,162,6195,5461,814,1378,270,26,256,783,45,24,581,1460,.252,.331,.452,.783,102,2468,127,83,30,39,33,1071,2019
Chicago White Sox,47,27.6,4.40,161,6042,5529,708,1443,260,20,182,676,63,28,378,1549,.261,.314,.414,.728,93,2289,114,66,36,32,13,1071,2019
Cincinnati Reds,47,27.8,4.33,162,6100,5450,701,1328,235,27,227,679,80,38,492,1436,.244,.315,.422,.736,85,2298,111,89,30,33,25,1073,2019
Cleveland Indians,54,27.7,4.75,162,6124,5425,769,1354,286,18,223,731,103,35,563,1332,.250,.323,.432,.756,95,2345,110,50,40,46,30,1072,2019
Colorado Rockies,50,28.2,5.15,162,6288,5660,835,1502,323,41,224,803,71,31,489,1503,.265,.326,.456,.782,89,2579,111,43,51,43,25,1075,2019
Detroit Tigers,53,27.6,3.61,161,6039,5549,582,1333,292,41,149,556,57,20,391,1595,.240,.294,.388,.682,78,2154,108,48,9,42,14,1069,2019
Houston Astros,45,29.0,5.68,162,6394,5613,920,1538,323,28,288,891,67,27,645,1166,.274,.352,.495,.848,119,2781,146,66,10,57,17,1168,2019
Kansas City Royals,51,27.6,4.27,162,6080,5496,691,1356,281,40,162,655,117,39,456,1405,.247,.309,.401,.710,85,2203,113,59,24,42,17,1056,2019
Los Angeles Angels,57,28.8,4.75,162,6251,5542,769,1368,268,21,220,734,65,20,586,1276,.247,.324,.422,.746,96,2338,143,67,4,42,29,1125,2019
Los Angeles Dodgers,46,27.9,5.47,162,6282,5493,886,1414,302,20,279,861,57,10,607,1356,.257,.338,.472,.810,111,2593,100,81,55,45,47,1124,2019
Miami Marlins,50,28.4,3.80,162,6045,5512,615,1326,265,18,146,593,55,30,395,1469,.241,.298,.375,.673,77,2065,139,73,31,33,16,1034,2019
Milwaukee Brewers,50,28.9,4.75,162,6309,5542,769,1366,279,17,250,744,101,25,629,1563,.246,.329,.438,.767,97,2429,120,72,20,38,42,1180,2019
Minnesota Twins,50,27.8,5.80,162,6392,5732,939,1547,318,23,307,906,28,21,525,1334,.270,.338,.494,.832,118,2832,101,81,10,41,21,1115,2019
New York Mets,53,27.9,4.88,162,6290,5624,791,1445,280,17,242,767,56,27,516,1384,.257,.328,.442,.770,105,2485,129,95,28,27,34,1128,2019
New York Yankees,54,28.3,5.82,162,6245,5583,943,1493,290,17,306,904,55,22,569,1437,.267,.339,.490,.829,118,2735,113,49,10,33,18,1039,2019
Oakland Athletics,49,27.8,5.22,162,6269,5561,845,1384,292,23,257,800,49,21,578,1338,.249,.327,.448,.776,108,2493,140,87,7,36,17,1081,2019
Philadelphia Phillies,56,27.7,4.78,162,6261,5571,774,1369,311,26,215,742,78,18,562,1453,.246,.319,.427,.746,92,2377,97,57,34,34,47,1129,2019
Pittsburgh Pirates,54,27.5,4.68,162,6228,5657,758,1497,315,38,163,722,64,29,425,1213,.265,.321,.420,.741,94,2377,119,63,47,34,41,1103,2019
San Diego Padres,54,26.2,4.21,162,6019,5391,682,1281,224,24,219,652,70,37,504,1581,.238,.308,.410,.718,90,2210,120,55,37,31,19,1008,2019
Seattle Mariners,67,27.8,4.68,162,6199,5500,758,1305,254,28,239,730,115,47,588,1581,.237,.316,.424,.740,99,2332,83,58,14,37,7,1080,2019
San Francisco Giants,64,29.9,4.19,162,6170,5579,678,1332,300,26,167,655,47,28,475,1435,.239,.302,.392,.694,83,2185,111,50,24,42,26,1069,2019
St. Louis Cardinals,43,28.8,4.72,162,6167,5449,764,1336,246,24,210,714,116,29,561,1420,.245,.322,.415,.737,94,2260,110,76,40,39,15,1107,2019
Tampa Bay Rays,57,27.2,4.75,162,6285,5628,769,1427,291,29,217,730,94,37,542,1493,.254,.325,.431,.757,102,2427,114,73,8,34,20,1130,2019
Texas Rangers,53,28.8,5.00,162,6204,5540,810,1374,296,24,223,765,131,38,534,1578,.248,.319,.431,.750,88,2387,98,67,17,44,18,1066,2019
Toronto Blue Jays,61,25.9,4.48,162,6091,5493,726,1299,270,21,247,697,51,20,509,1514,.236,.305,.428,.733,94,2352,107,45,14,28,10,1003,2019
Washington Nationals,50,28.8,5.39,162,6267,5512,873,1460,298,27,231,824,116,29,584,1308,.265,.342,.454,.796,104,2505,117,81,48,42,33,1114,2019
League Average,47,27.9,4.83,162,6217,5555,782,1401,284,26,226,749,76,28,530,1427,.252,.323,.435,.758,97,2416,115,66,26,38,25,1093,2019
Tm,#Bat,BatAge,R/G,G,PA,AB,R,H,2B,3B,HR,RBI,SB,CS,BB,SO,BA,OBP,SLG,OPS,OPS+,TB,GDP,HBP,SH,SF,IBB,LOB,2019
,1410,27.9,4.83,4858,186517,166651,23467,42039,8531,785,6776,22471,2280,832,15895,42823,.252,.323,.435,.758,97,72468,3463,1984,776,1150,753,32780,2019
Arizona Diamondbacks,45,29.1,4.48,60,2238,1997,269,482,101,12,58,255,23,7,181,461,.241,.312,.391,.704,90,781,37,36,1,23,5,402,2020
Atlanta Braves,48,28.2,5.80,60,2344,2074,348,556,130,3,103,338,23,4,239,573,.268,.349,.483,.832,117,1001,39,23,1,7,13,446,2020
Baltimore Orioles,45,26.3,4.57,60,2242,2026,274,523,102,7,77,264,19,14,164,514,.258,.321,.429,.750,102,870,32,27,15,10,5,410,2020
Boston Red Sox,47,27.0,4.87,60,2304,2083,292,552,118,7,81,278,31,9,187,545,.265,.330,.445,.775,104,927,51,21,4,9,8,429,2020
Chicago Cubs,47,27.9,4.42,60,2214,1918,265,422,82,8,74,248,24,10,229,568,.220,.318,.387,.705,90,742,42,52,1,13,9,412,2020
Chicago White Sox,48,27.6,5.10,60,2267,2047,306,534,94,6,96,294,20,8,179,571,.261,.326,.453,.779,112,928,44,24,1,13,1,400,2020
Cincinnati Reds,43,29.1,4.05,60,2123,1842,243,390,76,3,90,237,29,9,239,534,.212,.312,.403,.715,85,742,44,33,0,7,4,371,2020
Cleveland Indians,39,27.9,4.13,60,2247,1959,248,446,96,5,59,234,25,10,239,517,.228,.317,.372,.689,88,729,40,24,7,16,4,412,2020
Colorado Rockies,40,28.7,4.58,60,2257,2057,275,528,84,16,63,264,42,9,161,543,.257,.311,.405,.716,81,833,41,10,7,19,12,395,2020
Detroit Tigers,45,27.5,4.29,58,2076,1893,249,463,78,12,62,242,19,6,147,567,.245,.303,.397,.700,91,751,42,19,1,14,1,337,2020
Houston Astros,43,29.2,4.65,60,2229,1992,279,478,103,12,69,268,22,11,192,440,.240,.312,.408,.720,95,812,39,23,6,13,5,400,2020
Kansas City Royals,48,27.8,4.13,60,2200,1988,248,485,97,7,68,237,49,20,172,527,.244,.309,.402,.711,91,800,28,18,8,10,3,395,2020
Los Angeles Angels,45,28.5,4.90,60,2308,2020,294,501,97,8,85,285,21,8,239,490,.248,.332,.430,.763,107,869,49,25,6,18,8,436,2020
Los Angeles Dodgers,38,28.0,5.82,60,2316,2042,349,523,97,6,118,327,29,8,228,471,.256,.338,.483,.821,119,986,46,30,3,12,7,401,2020
Miami Marlins,61,29.0,4.38,60,2167,1935,263,472,82,5,60,247,51,14,191,537,.244,.319,.384,.703,89,744,37,25,6,9,6,401,2020
Milwaukee Brewers,43,28.5,4.12,60,2188,1920,247,429,83,5,75,238,15,11,221,582,.223,.313,.389,.702,87,747,53,35,0,10,8,393,2020
Minnesota Twins,43,28.7,4.48,60,2168,1937,269,468,81,3,91,258,14,7,186,528,.242,.315,.427,.743,104,828,38,29,2,14,9,378,2020
New York Mets,47,27.8,4.77,60,2279,2023,286,551,106,7,86,278,20,10,197,498,.272,.348,.459,.807,121,929,53,45,1,13,8,450,2020
New York Yankees,43,28.5,5.25,60,2210,1915,315,473,87,7,94,301,27,7,251,480,.247,.342,.447,.789,118,856,51,30,1,11,5,409,2020
Oakland Athletics,38,28.1,4.57,60,2201,1908,274,430,91,11,71,264,26,3,238,524,.225,.322,.396,.718,100,756,44,39,2,14,5,401,2020
Philadelphia Phillies,46,28.5,5.10,60,2223,1948,306,500,90,10,82,289,35,8,229,480,.257,.342,.439,.781,109,856,40,28,8,10,16,425,2020
Pittsburgh Pirates,49,27.1,3.65,60,2134,1932,219,425,76,6,59,210,16,11,167,521,.220,.284,.357,.641,74,690,34,11,7,15,6,355,2020
San Diego Padres,47,26.7,5.42,60,2231,1972,325,506,103,12,95,312,55,13,204,479,.257,.333,.466,.798,120,918,37,28,12,14,6,368,2020
Seattle Mariners,49,26.6,4.23,60,2181,1929,254,435,88,5,60,244,50,16,207,545,.226,.309,.370,.678,90,713,35,30,3,12,5,379,2020
San Francisco Giants,45,29.8,4.98,60,2259,2019,299,532,107,14,81,290,19,8,195,499,.263,.335,.451,.785,115,910,51,27,4,13,8,411,2020
St. Louis Cardinals,44,28.8,4.14,58,2011,1752,240,410,73,7,51,231,18,10,205,477,.234,.323,.371,.694,92,650,38,33,4,16,3,365,2020
Tampa Bay Rays,43,27.1,4.82,60,2261,1975,289,470,105,12,80,274,48,9,243,608,.238,.328,.425,.753,111,839,38,28,0,14,9,424,2020
Texas Rangers,49,27.4,3.73,60,2147,1936,224,420,80,9,62,204,49,14,167,548,.217,.285,.364,.648,78,704,33,24,2,18,3,354,2020
Toronto Blue Jays,49,25.9,5.03,60,2263,2023,302,516,104,4,88,288,33,6,203,508,.255,.325,.441,.766,108,892,39,12,8,14,4,404,2020
Washington Nationals,43,28.6,4.88,60,2218,1968,293,519,112,12,66,279,33,12,192,451,.264,.336,.433,.769,107,853,42,32,5,21,16,411,2020
League Average,43,28.0,4.65,60,2217,1968,278,481,94,8,77,266,30,10,203,520,.245,.322,.418,.740,100,822,41,27,4,13,7,399,2020
Tm,#Bat,BatAge,R/G,G,PA,AB,R,H,2B,3B,HR,RBI,SB,CS,BB,SO,BA,OBP,SLG,OPS,OPS+,TB,GDP,HBP,SH,SF,IBB,LOB,2020
,1289,28.0,4.65,1796,66506,59030,8344,14439,2823,241,2304,7978,885,292,6092,15586,.245,.322,.418,.740,100,24656,1237,821,126,402,202,11974,2020
Arizona Diamondbacks,64,28.9,4.19,162,6144,5489,679,1297,308,31,144,644,43,16,537,1465,.236,.309,.382,.692,87,2099,99,54,32,28,24,1152,2021
Atlanta Braves,56,28.2,4.91,161,6056,5363,790,1307,269,20,239,762,59,19,549,1453,.244,.319,.435,.754,98,2333,81,67,32,43,36,1072,2021
Baltimore Orioles,62,26.7,4.07,162,5983,5420,659,1296,266,15,195,632,54,23,451,1454,.239,.304,.402,.705,92,2177,105,65,14,31,12,1046,2021
Boston Red Sox,56,28.0,5.12,162,6122,5495,829,1434,330,23,219,783,40,21,512,1386,.261,.328,.449,.777,106,2467,100,61,10,42,22,1093,2021
Chicago Cubs,69,29.1,4.35,162,5972,5306,705,1255,225,26,210,672,86,37,502,1596,.237,.312,.407,.719,93,2162,133,92,40,30,17,1019,2021
Chicago White Sox,47,28.0,4.91,162,6084,5357,796,1373,275,22,190,757,57,20,586,1389,.256,.336,.422,.758,106,2262,139,78,24,39,10,1125,2021
Cincinnati Reds,55,28.9,4.85,162,6162,5423,786,1352,295,13,222,756,36,24,553,1425,.249,.328,.431,.759,95,2339,129,105,35,45,22,1110,2021
Cleveland Indians,48,26.7,4.43,162,5907,5332,717,1269,248,22,203,686,109,17,453,1387,.238,.303,.407,.710,94,2170,105,64,20,36,18,987,2021
Colorado Rockies,45,28.1,4.59,161,6007,5374,739,1338,275,34,182,709,76,23,491,1356,.249,.317,.414,.731,86,2227,98,58,48,36,24,1074,2021
Detroit Tigers,49,28.1,4.30,162,5979,5376,697,1299,236,37,179,675,88,25,490,1514,.242,.308,.399,.707,96,2146,113,44,17,50,8,1031,2021
Houston Astros,52,28.9,5.33,162,6291,5593,863,1496,299,14,221,834,53,16,569,1222,.267,.339,.444,.783,113,2486,136,64,9,54,25,1159,2021
Kansas City Royals,48,29.3,4.23,162,5993,5427,686,1349,251,29,163,647,124,33,421,1258,.249,.306,.396,.702,90,2147,100,55,31,52,8,1050,2021
Los Angeles Angels,64,29.2,4.46,162,6019,5437,723,1331,265,23,190,691,79,26,464,1394,.245,.310,.407,.717,93,2212,107,59,30,25,35,1029,2021
Los Angeles Dodgers,61,29.2,5.12,162,6239,5445,830,1330,247,24,237,799,65,17,613,1408,.244,.330,.429,.759,101,2336,96,104,32,45,36,1169,2021
Miami Marlins,61,28.2,3.85,162,5929,5348,623,1244,226,23,158,594,106,29,450,1553,.233,.298,.372,.671,81,1990,95,65,30,30,25,1042,2021
Milwaukee Brewers,61,28.7,4.56,162,6099,5362,738,1251,255,18,194,700,82,21,586,1465,.233,.317,.396,.713,92,2124,102,88,25,35,26,1113,2021
Minnesota Twins,57,28.3,4.50,162,6078,5431,729,1311,271,17,228,690,54,15,525,1405,.241,.314,.423,.738,103,2300,122,70,7,42,17,1092,2021
New York Mets,64,28.2,3.93,162,5856,5210,636,1243,228,18,176,604,54,26,495,1392,.239,.315,.391,.705,93,2035,123,94,34,23,25,1099,2021
New York Yankees,59,29.3,4.39,162,6060,5331,711,1266,213,12,222,666,63,18,621,1482,.237,.322,.407,.729,100,2169,154,63,10,34,14,1097,2021
Oakland Athletics,50,30.1,4.59,162,6104,5395,743,1284,271,19,199,698,88,20,545,1349,.238,.317,.406,.723,102,2190,99,98,17,49,17,1084,2021
Philadelphia Phillies,55,29.1,4.53,162,6089,5366,734,1288,262,24,198,700,77,19,564,1402,.240,.318,.408,.726,95,2192,103,67,47,43,37,1115,2021
Pittsburgh Pirates,64,27.5,3.76,162,5983,5336,609,1261,240,35,124,570,60,30,529,1328,.236,.309,.364,.673,82,1943,102,49,31,37,24,1128,2021
San Diego Padres,54,28.0,4.50,162,6119,5384,729,1305,273,21,180,695,110,39,586,1324,.242,.321,.401,.722,101,2160,121,61,36,46,42,1123,2021
Seattle Mariners,63,27.0,4.30,162,6010,5355,697,1209,233,11,199,673,64,24,535,1492,.226,.303,.385,.688,92,2061,92,72,9,36,8,1040,2021
San Francisco Giants,54,30.6,4.96,162,6196,5462,804,1360,271,25,241,768,66,14,602,1461,.249,.329,.440,.769,107,2404,117,64,36,30,45,1138,2021
St. Louis Cardinals,51,28.5,4.36,162,6001,5351,706,1303,261,22,198,678,89,22,478,1341,.244,.313,.412,.725,99,2202,99,86,40,44,32,1081,2021
Tampa Bay Rays,61,27.7,5.29,162,6213,5507,857,1336,288,36,222,810,88,42,585,1542,.243,.321,.429,.750,110,2362,75,72,6,41,27,1085,2021
Texas Rangers,54,26.8,3.86,162,5943,5405,625,1254,225,24,167,598,106,29,433,1381,.232,.294,.375,.670,83,2028,113,58,16,31,10,1007,2021
Toronto Blue Jays,62,26.8,5.22,162,6070,5476,846,1455,285,13,262,816,81,20,496,1218,.266,.330,.466,.797,113,2552,112,51,10,35,14,1056,2021
Washington Nationals,60,28.7,4.47,162,6113,5385,724,1388,272,20,182,686,56,26,573,1303,.258,.337,.417,.754,107,2246,158,84,38,31,43,1185,2021
League Average,50,28.4,4.53,162,6061,5398,734,1316,262,22,198,700,74,24,526,1405,.244,.317,.411,.728,97,2217,111,70,26,38,23,1087,2021
Tm,#Bat,BatAge,R/G,G,PA,AB,R,H,2B,3B,HR,RBI,SB,CS,BB,SO,BA,OBP,SLG,OPS,OPS+,TB,GDP,HBP,SH,SF,IBB,LOB,2021
,1508,28.4,4.53,4858,181821,161941,22010,39484,7863,671,5944,20993,2213,711,15794,42145,.244,.317,.411,.728,97,66521,3328,2112,766,1143,703,32601,2021
Arizona Diamondbacks,57,26.5,4.33,162,6027,5351,702,1232,262,24,173,658,104,29,531,1341,.230,.304,.385,.689,95,2061,97,60,31,50,14,1039,2022
Atlanta Braves,53,27.5,4.87,162,6082,5509,789,1394,298,11,243,753,87,31,470,1498,.253,.317,.443,.761,109,2443,103,66,1,36,13,1030,2022
Baltimore Orioles,58,27.0,4.16,162,6049,5429,674,1281,275,25,171,639,95,31,476,1390,.236,.305,.390,.695,99,2119,95,83,12,43,10,1095,2022
Boston Red Sox,54,28.8,4.54,162,6144,5539,735,1427,352,12,155,704,52,20,478,1373,.258,.321,.409,.731,102,2268,131,63,12,50,23,1133,2022
Chicago Cubs,64,27.9,4.06,162,6072,5425,657,1293,265,31,159,620,111,37,507,1448,.238,.311,.387,.698,94,2097,130,84,19,36,16,1100,2022
Chicago White Sox,44,29.3,4.23,162,6123,5611,686,1435,272,9,149,654,58,10,388,1269,.256,.310,.387,.698,97,2172,127,73,16,35,9,1117,2022
Cincinnati Reds,66,29.4,4.00,162,5978,5380,648,1264,235,18,156,618,58,33,452,1430,.235,.304,.372,.676,85,2003,127,92,12,33,6,1020,2022
Cleveland Guardians,50,25.9,4.31,162,6163,5558,698,1410,273,31,127,662,119,27,450,1122,.254,.316,.383,.699,102,2126,119,81,22,52,36,1156,2022
Colorado Rockies,43,29.1,4.31,162,6105,5540,698,1408,280,34,149,669,45,20,453,1330,.254,.315,.398,.713,91,2203,139,61,10,40,10,1113,2022
Detroit Tigers,53,27.9,3.44,162,5870,5378,557,1240,235,27,110,530,47,24,380,1413,.231,.286,.346,.632,82,1859,108,58,10,44,8,1015,2022
Houston Astros,45,29.3,4.55,162,6054,5409,737,1341,284,13,214,715,83,22,528,1179,.248,.319,.424,.743,111,2293,118,60,9,42,18,1068,2022
Kansas City Royals,55,27.1,3.95,162,6010,5437,640,1327,247,38,138,613,104,34,460,1287,.244,.306,.380,.686,93,2064,101,48,20,44,7,1091,2022
Los Angeles Angels,66,27.9,3.85,162,5977,5423,623,1265,219,31,190,600,77,27,449,1539,.233,.297,.390,.687,93,2116,95,54,25,25,28,1050,2022
Los Angeles Dodgers,51,29.6,5.23,162,6247,5526,847,1418,325,31,212,812,98,18,607,1374,.257,.333,.442,.775,115,2441,85,56,3,53,22,1159,2022
Miami Marlins,56,28.9,3.62,162,5949,5395,586,1241,248,20,144,554,122,29,436,1429,.230,.294,.363,.658,85,1961,120,70,4,36,6,1045,2022
Milwaukee Brewers,51,29.1,4.48,162,6122,5417,725,1271,251,17,219,703,96,30,577,1464,.235,.315,.409,.724,103,2213,117,80,11,37,25,1102,2022
Minnesota Twins,61,26.9,4.30,162,6113,5476,696,1356,269,18,178,668,38,17,518,1353,.248,.317,.401,.718,105,2195,133,62,10,46,11,1126,2022
New York Mets,61,29.7,4.77,162,6176,5489,772,1422,272,27,171,735,62,22,510,1217,.259,.332,.412,.744,113,2261,122,112,20,44,25,1158,2022
New York Yankees,54,30.2,4.98,162,6172,5422,807,1308,225,8,254,764,102,33,620,1391,.241,.325,.426,.751,112,2311,121,70,14,41,36,1093,2022
Oakland Athletics,64,28.3,3.51,162,5863,5314,568,1147,249,15,137,537,78,23,433,1389,.216,.281,.346,.626,84,1837,109,59,22,33,7,969,2022
Philadelphia Phillies,56,28.1,4.61,162,6077,5496,747,1392,255,29,205,719,105,28,478,1363,.253,.317,.422,.739,108,2320,116,52,6,44,15,1075,2022
Pittsburgh Pirates,68,26.3,3.65,162,5912,5331,591,1186,221,29,158,555,89,32,476,1497,.222,.291,.364,.655,85,1939,96,54,19,32,14,1016,2022
San Diego Padres,55,28.2,4.35,162,6175,5468,705,1317,275,18,153,682,49,22,574,1327,.241,.318,.382,.700,102,2087,95,65,17,46,24,1174,2022
Seattle Mariners,59,27.5,4.26,162,6117,5375,690,1236,229,19,197,663,83,27,596,1397,.230,.315,.390,.704,106,2094,120,89,9,45,17,1129,2022
San Francisco Giants,66,30.0,4.42,162,6117,5392,716,1261,255,18,183,683,64,16,571,1462,.234,.315,.390,.705,100,2101,109,95,6,53,14,1115,2022
St. Louis Cardinals,51,28.8,4.77,162,6165,5496,772,1386,290,21,197,739,95,25,537,1226,.252,.325,.420,.745,112,2309,112,80,5,45,11,1132,2022
Tampa Bay Rays,61,27.0,4.11,162,6008,5412,666,1294,296,17,139,634,95,37,500,1395,.239,.309,.377,.686,99,2041,93,57,7,31,13,1074,2022
Texas Rangers,55,28.0,4.36,162,6029,5478,707,1308,224,20,198,670,128,41,456,1446,.239,.301,.395,.696,96,2166,82,47,10,38,12,1007,2022
Toronto Blue Jays,51,27.1,4.78,162,6158,5555,775,1464,307,12,200,756,67,35,500,1242,.264,.329,.431,.760,117,2395,136,55,8,33,13,1111,2022
Washington Nationals,55,28.7,3.72,162,5998,5434,603,1351,252,20,136,579,75,31,442,1221,.249,.310,.377,.688,98,2051,141,60,20,37,12,1099,2022
League Average,50,28.2,4.28,162,6068,5449,694,1322,265,21,174,663,83,27,495,1360,.243,.312,.395,.706,100,2152,113,68,13,41,16,1087,2022
Tm,#Bat,BatAge,R/G,G,PA,AB,R,H,2B,3B,HR,RBI,SB,CS,BB,SO,BA,OBP,SLG,OPS,OPS+,TB,GDP,HBP,SH,SF,IBB,LOB,2022
,1495,28.2,4.28,4860,182052,163465,20817,39675,7940,643,5215,19888,2486,811,14853,40812,.243,.312,.395,.706,100,64546,3397,2046,390,1224,475,32611,2022
Arizona Diamondbacks,54,27.4,4.60,162,6124,5436,746,1359,274,44,166,706,166,26,540,1247,.250,.322,.408,.730,98,2219,121,58,36,50,11,1091,2023
Atlanta Braves,53,27.9,5.85,162,6249,5597,947,1543,293,23,307,916,132,27,538,1289,.276,.344,.501,.845,126,2803,128,67,2,43,20,1062,2023
Baltimore Orioles,50,27.2,4.98,162,6123,5495,807,1399,309,28,183,780,114,24,512,1370,.255,.321,.421,.742,107,2313,114,45,21,47,14,1041,2023
Boston Red Sox,56,28.6,4.77,162,6174,5562,772,1437,339,19,182,734,112,26,486,1372,.258,.324,.424,.748,100,2360,118,71,11,35,15,1117,2023
Chicago Cubs,48,28.4,5.06,162,6220,5504,819,1399,269,30,196,786,140,34,570,1391,.254,.330,.421,.751,106,2316,95,77,15,52,11,1127,2023
Chicago White Sox,56,27.8,3.96,162,5980,5501,641,1308,264,13,171,617,86,22,377,1424,.238,.291,.384,.675,84,2111,122,52,16,29,19,1009,2023
Cincinnati Reds,65,26.8,4.83,162,6195,5499,783,1371,268,37,198,747,190,48,556,1500,.249,.327,.420,.746,98,2307,101,92,19,29,8,1107,2023
Cleveland Guardians,50,26.6,4.09,162,6096,5513,662,1379,294,29,124,622,151,36,471,1142,.250,.313,.381,.695,91,2103,108,55,13,44,40,1121,2023
Colorado Rockies,57,28.1,4.45,162,6055,5496,721,1368,305,31,163,685,76,25,447,1543,.249,.310,.405,.715,85,2224,124,59,11,41,8,1038,2023
Detroit Tigers,51,27.4,4.08,162,6080,5478,661,1292,245,29,165,635,85,23,508,1473,.236,.305,.382,.686,89,2090,107,49,13,31,10,1103,2023
Houston Astros,41,28.8,5.10,162,6253,5567,827,1441,280,22,222,799,107,32,550,1241,.259,.331,.437,.768,111,2431,124,72,14,40,17,1134,2023
Kansas City Royals,58,26.3,4.17,162,5985,5428,676,1325,258,43,163,651,163,47,411,1396,.244,.303,.398,.700,90,2158,96,71,14,58,12,1009,2023
Los Angeles Angels,66,28.6,4.56,162,6145,5489,739,1346,248,26,231,708,72,31,518,1524,.245,.317,.426,.743,101,2339,117,79,8,46,27,1102,2023
Los Angeles Dodgers,58,30.9,5.59,162,6333,5524,906,1422,303,20,249,877,105,25,644,1359,.257,.340,.455,.795,114,2512,98,85,5,69,29,1163,2023
Miami Marlins,52,29.4,4.11,162,6043,5497,666,1423,258,23,166,633,86,21,430,1287,.259,.316,.405,.721,90,2225,159,50,22,38,23,1097,2023
Milwaukee Brewers,58,27.7,4.49,162,6084,5386,728,1290,257,16,165,696,129,28,591,1412,.240,.319,.385,.704,92,2074,144,58,7,39,15,1075,2023
Minnesota Twins,48,28.6,4.80,162,6219,5489,778,1336,264,24,233,745,86,18,594,1654,.243,.326,.428,.753,105,2347,119,92,12,32,13,1138,2023
New York Mets,59,28.9,4.43,162,6056,5363,717,1276,221,21,215,692,118,15,525,1331,.238,.316,.407,.723,99,2184,105,107,19,38,11,1082,2023
New York Yankees,54,28.5,4.15,162,5973,5323,673,1207,221,15,219,650,100,30,557,1427,.227,.304,.397,.701,91,2115,119,47,9,36,18,1007,2023
Oakland Athletics,62,27.1,3.61,162,5966,5311,585,1187,225,21,171,563,149,31,498,1496,.223,.298,.370,.669,88,1967,125,85,28,36,12,1043,2023
Philadelphia Phillies,44,28.4,4.91,162,6207,5541,796,1417,291,29,220,771,141,26,539,1481,.256,.327,.438,.765,107,2426,110,69,13,42,22,1123,2023
Pittsburgh Pirates,58,27.3,4.27,162,6089,5406,692,1293,287,31,159,662,117,41,556,1464,.239,.315,.392,.707,91,2119,92,58,25,43,9,1111,2023
San Diego Padres,56,28.4,4.64,162,6180,5401,752,1316,273,14,205,719,137,32,653,1311,.244,.329,.413,.742,104,2232,134,57,22,44,16,1144,2023
Seattle Mariners,56,27.8,4.68,162,6201,5500,758,1332,283,12,210,728,118,30,548,1603,.242,.321,.413,.734,108,2269,95,111,4,37,14,1144,2023
San Francisco Giants,52,28.4,4.16,162,6095,5412,674,1271,256,13,174,651,57,16,544,1492,.235,.312,.383,.695,93,2075,116,81,17,39,19,1130,2023
St. Louis Cardinals,52,27.5,4.44,162,6204,5510,719,1376,264,12,209,697,101,29,570,1326,.250,.326,.416,.742,101,2291,122,70,13,37,17,1183,2023
Tampa Bay Rays,58,26.8,5.31,162,6164,5511,860,1432,282,24,230,827,160,41,514,1420,.260,.331,.445,.776,114,2452,109,95,6,38,7,1047,2023
Texas Rangers,48,28.3,5.44,162,6306,5595,881,1470,326,18,233,845,79,19,599,1416,.263,.337,.452,.790,116,2531,103,53,10,47,17,1164,2023
Toronto Blue Jays,46,28.8,4.60,162,6220,5562,746,1423,292,19,188,705,99,34,550,1303,.256,.329,.417,.745,105,2317,129,69,4,32,14,1170,2023
Washington Nationals,48,26.8,4.32,162,6085,5522,700,1401,279,26,151,665,127,29,423,1149,.254,.314,.396,.709,96,2185,112,78,20,38,6,1082,2023
League Average,49,28.0,4.62,162,6137,5481,748,1361,274,24,196,717,117,29,527,1395,.248,.320,.414,.734,100,2270,116,70,14,41,16,1099,2023
Tm,#Bat,BatAge,R/G,G,PA,AB,R,H,2B,3B,HR,RBI,SB,CS,BB,SO,BA,OBP,SLG,OPS,OPS+,TB,GDP,HBP,SH,SF,IBB,LOB,2023
,1457,28.0,4.62,4860,184104,164418,22432,40839,8228,712,5868,21512,3503,866,15819,41843,.248,.320,.414,.734,100,68095,3466,2112,429,1230,474,32964,2023
Arizona Diamondbacks,51,28.6,5.47,162,6284,5522,886,1452,271,37,211,845,119,30,569,1265,.263,.337,.440,.777,114,2430,112,84,34,66,17,1111,2024
Atlanta Braves,55,29.3,4.35,162,6075,5481,704,1333,273,15,213,674,69,20,485,1461,.243,.309,.415,.724,100,2275,119,58,9,39,11,1088,2024
Baltimore Orioles,60,26.9,4.85,162,6176,5567,786,1391,262,33,235,759,98,25,489,1359,.250,.315,.435,.751,115,2424,71,64,6,45,14,1108,2024
Boston Red Sox,57,27.3,4.64,162,6192,5577,751,1404,311,30,194,724,144,44,493,1570,.252,.319,.423,.741,108,2357,110,73,7,40,30,1116,2024
Chicago Cubs,56,27.8,4.54,162,6116,5441,736,1318,253,29,170,696,143,30,546,1362,.242,.317,.393,.710,100,2139,89,70,17,41,19,1105,2024
Chicago White Sox,63,27.8,3.13,162,5869,5383,507,1187,226,9,133,485,90,33,395,1403,.221,.278,.340,.618,76,1830,116,43,18,27,8,1014,2024
Cincinnati Reds,61,27.1,4.31,162,5970,5325,699,1230,257,29,174,663,207,45,496,1459,.231,.305,.388,.693,88,2067,86,87,18,43,7,989,2024
Cleveland Guardians,50,26.1,4.40,161,5927,5310,708,1263,245,18,185,670,148,46,466,1196,.238,.307,.395,.703,99,2099,111,87,17,43,30,978,2024
Colorado Rockies,54,27.9,4.21,162,6026,5454,682,1319,277,25,179,655,85,31,453,1617,.242,.304,.400,.704,87,2183,126,51,19,45,20,1028,2024
Detroit Tigers,48,26.7,4.21,162,6021,5442,682,1273,244,47,162,656,76,24,476,1461,.234,.300,.385,.685,92,2097,90,52,4,41,12,1045,2024
Houston Astros,55,28.8,4.60,161,6107,5530,740,1448,264,16,190,701,93,24,448,1176,.262,.322,.418,.741,110,2314,132,67,12,46,28,1113,2024
Kansas City Royals,50,28.0,4.54,162,5982,5421,735,1343,264,35,170,711,134,31,429,1161,.248,.306,.403,.710,101,2187,95,52,23,54,22,990,2024
Los Angeles Angels,64,27.3,3.92,162,5975,5357,635,1227,227,15,165,596,133,50,482,1416,.229,.301,.369,.671,89,1979,116,86,12,35,4,1015,2024
Los Angeles Dodgers,60,30.3,5.20,162,6255,5522,842,1423,291,26,233,815,136,23,602,1336,.258,.335,.446,.781,120,2465,99,64,10,51,33,1143,2024
Miami Marlins,70,27.2,3.93,162,6048,5522,637,1347,243,23,150,611,125,43,403,1410,.244,.300,.378,.678,87,2086,119,55,24,41,16,1059,2024
Milwaukee Brewers,56,26.3,4.80,162,6170,5472,777,1359,249,33,177,742,217,42,597,1459,.248,.326,.403,.729,102,2205,97,46,15,34,19,1113,2024
Minnesota Twins,52,28.7,4.58,162,6123,5490,742,1352,309,23,183,702,65,23,473,1306,.246,.315,.411,.726,103,2256,115,101,10,47,15,1087,2024
New York Mets,59,30.0,4.74,162,6166,5510,768,1357,279,15,207,735,106,22,514,1382,.246,.319,.415,.734,108,2287,105,92,10,36,11,1110,2024
New York Yankees,54,28.0,5.03,162,6245,5450,815,1352,243,15,237,782,88,26,672,1326,.248,.333,.429,.761,115,2336,138,49,14,57,26,1141,2024
Oakland Athletics,55,26.5,3.97,162,6034,5432,643,1267,240,19,196,619,98,26,493,1502,.233,.301,.393,.694,101,2133,105,53,19,37,11,1073,2024
Philadelphia Phillies,47,29.1,4.84,162,6166,5534,784,1423,285,24,198,750,148,30,515,1370,.257,.325,.425,.750,106,2350,107,62,13,40,21,1115,2024
Pittsburgh Pirates,56,28.5,4.10,162,6086,5477,665,1283,236,17,160,643,106,19,485,1506,.234,.301,.371,.672,87,2033,100,60,16,47,14,1112,2024
San Diego Padres,49,29.0,4.69,162,6103,5526,760,1456,259,18,190,726,120,28,458,1077,.263,.324,.420,.745,107,2321,133,56,28,31,18,1068,2024
Seattle Mariners,50,28.9,4.17,162,6067,5330,676,1195,228,13,185,642,140,28,571,1625,.224,.311,.376,.687,102,2004,106,116,14,34,14,1117,2024
San Francisco Giants,58,28.6,4.28,162,6062,5460,693,1303,266,30,177,661,68,22,492,1452,.239,.305,.396,.701,100,2160,115,52,10,47,15,1075,2024
St. Louis Cardinals,44,27.6,4.15,162,6114,5507,672,1363,257,21,165,639,91,29,478,1318,.248,.312,.392,.703,97,2157,91,56,17,47,10,1149,2024
Tampa Bay Rays,54,27.2,3.73,162,6006,5389,604,1241,245,23,147,564,178,53,493,1485,.230,.302,.366,.669,92,1973,87,78,10,32,15,1099,2024
Texas Rangers,57,28.1,4.22,162,6053,5472,683,1302,220,15,176,652,97,25,490,1284,.238,.305,.380,.686,100,2080,96,55,6,30,20,1084,2024
Toronto Blue Jays,56,28.0,4.14,162,6060,5410,671,1306,280,26,156,640,72,16,510,1233,.241,.313,.389,.703,98,2106,126,78,14,45,18,1106,2024
Washington Nationals,50,26.3,4.07,162,5971,5374,660,1306,267,18,135,621,223,73,456,1220,.243,.309,.375,.684,93,2014,115,73,26,40,11,1010,2024
League Average,48,27.9,4.39,162,6082,5456,711,1327,259,23,182,679,121,32,498,1373,.243,.312,.399,.711,100,2178,108,67,15,42,17,1079,2024
Tm,#Bat,BatAge,R/G,G,PA,AB,R,H,2B,3B,HR,RBI,SB,CS,BB,SO,BA,OBP,SLG,OPS,OPS+,TB,GDP,HBP,SH,SF,IBB,LOB,2024
,1454,27.9,4.39,4858,182449,163687,21343,39823,7771,697,5453,20379,3617,961,14929,41197,.243,.312,.399,.711,100,65347,3227,2020,452,1261,509,32361,2024
Arizona Diamondbacks,65,27.8,4.88,162,6210,5480,791,1377,277,38,214,768,121,39,545,1316,.251,.325,.433,.757,108,2372,109,81,37,64,21,1112,2025
Athletics,58,26.1,4.52,162,6151,5547,733,1403,296,16,219,709,80,28,502,1406,.253,.318,.431,.749,106,2388,117,44,18,35,14,1106,2025
Atlanta Braves,71,28.3,4.47,162,6186,5508,724,1349,243,19,190,701,82,25,575,1371,.245,.320,.399,.720,102,2200,98,51,15,36,14,1160,2025
Baltimore Orioles,70,26.5,4.18,162,6020,5416,677,1273,251,19,191,643,121,37,484,1457,.235,.305,.394,.699,96,2135,102,75,4,41,14,1044,2025
Boston Red Sox,56,27.6,4.85,162,6206,5562,786,1414,324,24,186,748,139,38,518,1419,.254,.324,.421,.745,106,2344,99,72,13,41,24,1125,2025
Chicago Cubs,52,28.4,4.90,162,6162,5495,793,1371,267,29,223,771,161,35,554,1277,.249,.320,.430,.751,116,2365,72,46,10,55,16,1108,2025
Chicago White Sox,62,26.8,3.99,162,5987,5377,647,1250,243,10,165,626,85,21,498,1364,.232,.302,.373,.675,88,2008,108,49,22,36,8,1055,2025
Cincinnati Reds,53,27.2,4.42,162,6082,5448,716,1333,250,23,167,677,105,30,527,1415,.245,.315,.391,.706,90,2130,106,51,12,44,15,1088,2025
Cleveland Guardians,46,27.4,3.97,162,5943,5310,643,1199,243,18,168,621,129,34,494,1344,.226,.296,.373,.670,85,1982,78,60,28,50,30,1016,2025
Colorado Rockies,57,26.7,3.69,162,5908,5408,597,1281,253,37,160,581,87,39,395,1531,.237,.293,.386,.679,80,2088,118,48,21,35,5,986,2025
Detroit Tigers,58,26.8,4.68,162,6093,5456,758,1346,244,36,198,724,61,16,511,1454,.247,.316,.413,.730,101,2256,90,65,5,50,12,1062,2025
Houston Astros,60,28.8,4.23,162,6087,5490,686,1372,247,12,182,655,85,28,471,1301,.250,.315,.399,.714,97,2189,124,71,16,38,15,1116,2025
Kansas City Royals,49,28.3,4.02,162,6008,5431,651,1342,292,22,159,638,111,42,435,1096,.247,.309,.397,.706,96,2155,96,69,29,41,19,1073,2025
Los Angeles Angels,65,27.9,4.15,162,6000,5374,673,1209,212,17,226,649,88,27,484,1627,.225,.298,.397,.695,91,2133,99,87,13,35,22,1020,2025
Los Angeles Dodgers,62,30.7,5.09,162,6187,5481,825,1384,257,21,244,791,88,25,580,1353,.253,.327,.441,.768,114,2415,108,56,13,54,33,1093,2025
Miami Marlins,56,25.7,4.38,162,6142,5543,709,1388,272,29,154,677,138,44,482,1247,.250,.314,.393,.708,95,2180,94,54,19,44,13,1117,2025
Milwaukee Brewers,55,26.9,4.98,162,6227,5510,806,1423,265,18,166,750,164,53,564,1266,.258,.332,.403,.736,105,2222,97,73,26,50,15,1158,2025
Minnesota Twins,57,28.1,4.19,162,6059,5432,678,1295,249,20,191,643,114,34,495,1372,.238,.310,.397,.708,94,2157,105,88,9,34,10,1089,2025
New York Mets,63,28.9,4.73,162,6178,5457,766,1359,262,19,224,746,147,18,563,1325,.249,.326,.427,.753,113,2331,119,87,15,53,28,1142,2025
New York Yankees,52,28.6,5.24,162,6235,5471,849,1371,255,20,274,820,134,38,639,1463,.251,.332,.455,.787,118,2488,104,55,7,54,47,1127,2025
Philadelphia Phillies,47,30.3,4.80,162,6166,5517,778,1426,268,24,212,753,124,30,528,1337,.258,.328,.431,.759,106,2378,95,60,16,42,19,1133,2025
Pittsburgh Pirates,57,29.1,3.60,162,6008,5375,583,1244,245,21,117,561,115,36,530,1422,.231,.305,.350,.655,82,1882,123,54,13,32,19,1127,2025
San Diego Padres,52,29.9,4.33,162,6087,5424,702,1369,254,18,152,663,106,30,510,1161,.252,.321,.390,.711,96,2115,103,58,48,45,18,1127,2025
Seattle Mariners,54,28.7,4.73,162,6200,5502,766,1345,234,9,238,734,161,37,544,1446,.244,.320,.420,.740,113,2311,102,89,24,38,29,1120,2025
San Francisco Giants,53,28.1,4.35,162,6072,5375,705,1261,239,28,173,672,68,24,556,1380,.235,.311,.386,.697,99,2075,103,66,22,52,14,1076,2025
St. Louis Cardinals,44,26.6,4.25,162,6069,5433,689,1331,264,9,148,653,89,27,478,1321,.245,.314,.379,.693,96,2057,115,88,25,40,17,1092,2025
Tampa Bay Rays,56,27.3,4.41,162,6045,5470,714,1374,242,16,182,680,194,48,468,1397,.251,.313,.401,.714,99,2194,109,46,16,43,10,1042,2025
Texas Rangers,54,29.0,4.22,162,6046,5443,684,1275,245,15,175,658,134,33,486,1327,.234,.302,.381,.684,100,2075,92,63,11,40,19,1066,2025
Toronto Blue Jays,58,28.1,4.93,162,6180,5507,798,1461,294,13,191,771,77,25,520,1099,.265,.333,.427,.761,108,2354,133,65,35,45,25,1121,2025
Washington Nationals,51,25.8,4.24,162,5982,5422,687,1313,258,28,161,657,132,48,443,1351,.242,.304,.389,.693,96,2110,103,57,18,40,11,988,2025
League Average,49,27.9,4.45,162,6098,5455,720,1338,258,21,188,691,115,33,513,1355,.245,.315,.404,.719,100,2203,104,64,19,44,19,1090,2025
Tm,#Bat,BatAge,R/G,G,PA,AB,R,H,2B,3B,HR,RBI,SB,CS,BB,SO,BA,OBP,SLG,OPS,OPS+,TB,GDP,HBP,SH,SF,IBB,LOB,2025
,1471,27.9,4.45,4860,182926,163664,21614,40138,7745,628,5650,20740,3440,989,15379,40645,.245,.315,.404,.719,100,66089,3121,1928,560,1307,556,32689,2025
